Publisher organization name,English,French
procurement-ombudsman,Procurement Ombudsman,
fisheries-oceans,Fisheries Oceans,
canadian-radio-television-and-telecommunications-commission,Canadian Radio Television And Telecommunications Commission,
research-chairs,Research Chairs,
national-battlefields-commission,National Battlefields Commission,
department-justice,Department Justice,
youth,Youth,
treasury-board-secretariat,Treasury Board Secretariat,
rcmp-external-review-committee,Rcmp External Review Committee,
canada-research-coordinating-committee,Canada Research Coordinating Committee,
national-film-board,National Film Board,
grain-commission,Grain Commission,
heritage-network,Heritage Network,
public-prosecution,Public Prosecution,
department-finance,Department Finance,
competition-bureau,Competition Bureau,
central-innovation-hub,Central Innovation Hub,
environmental-assessment-agency,Environmental Assessment Agency,
economic-development-southern-ontario,Economic Development Southern Ontario,
public-service-commission,Public Service Commission,
government-house-leader,Government House Leader,
department-of-foreign-affairs-trade-and-development,Department Of Foreign Affairs Trade And Development,
democratic-institutions,Democratic Institutions,
impact-assessment-agency,Impact Assessment Agency,
ppp-canada,Ppp Canada,
department-of-health,Department Of Health,
public-safety-canada,Public Safety Canada,
status-women,Status Women,
financial-transactions-reports-analysis,Financial Transactions Reports Analysis,
veterans-review-appeal-board,Veterans Review Appeal Board,
polar-knowledge,Polar Knowledge,
competition-tribunal,Competition Tribunal,
atlantic-canada-opportunities,Atlantic Canada Opportunities,
canadian-international-trade-tribunal,Canadian International Trade Tribunal,
shared-services,Shared Services,
canadian-transportation-accident-investigation-and-safety-board,Canadian Transportation Accident Investigation And Safety Board,
occupational-health-safety-tribunal,Occupational Health Safety Tribunal,
statistics-canada,Statistics Canada,
national-energy-board,National Energy Board,
department-of-the-environment,Department Of The Environment,
privy-council,Privy Council,
department-of-industry,Department Of Industry,
department-of-public-works-and-government-services,Department Of Public Works And Government Services,
office-of-the-intelligence-commissioner,Office Of The Intelligence Commissioner,
canadian-northern-economic-development-agency,Canadian Northern Economic Development Agency,
canadian-centre-for-occupational-health-and-safety,Canadian Centre For Occupational Health And Safety,
canadian-heritage,Canadian Heritage,
intergovernmental-affairs,Intergovernmental Affairs,
canadian-security-intelligence-service,Canadian Security Intelligence Service,
national-research-council,National Research Council,
parole-board,Parole Board,
sciences-engineering-research,Sciences Engineering Research,
ombudsperson-national-defence-forces,Ombudsperson National Defence Forces,
space-agency,Space Agency,
canadian-coast-guard,Canadian Coast Guard,
human-rights-commission,Human Rights Commission,
canada-border-services-agency,Canada Border Services Agency,
correctional-service,Correctional Service,
intellectual-property-office,Intellectual Property Office,
office-infrastructure,Office Infrastructure,
western-economic-diversification,Western Economic Diversification,
agriculture-agri-food,Agriculture Agri Food,
immigration-refugee,Immigration Refugee,
military-grievances-external-review,Military Grievances External Review,
royal-air-force,Royal Air Force,
public-health-agency-of-canada,Public Health Agency Of Canada,
indigenous-services-canada,Indigenous Services Canada,
department-of-transport,Department Of Transport,
school-public-service,School Public Service,
food-inspection-agency,Food Inspection Agency,
parks-canada,Parks Canada,
canada-employment-insurance-commission,Canada Employment Insurance Commission,
aboriginal-business,Aboriginal Business,
administrative-tribunals-support-service,Administrative Tribunals Support Service,
farm-products-council,Farm Products Council,
library-archives,Library Archives,
institutes-health-research,Institutes Health Research,
communications-security,Communications Security,
royal-mounted-police,Royal Mounted Police,
crown-indigenous-relations-and-northern-affairs-canada,Crown Indigenous Relations And Northern Affairs Canada,
army,Army,
department-of-employment-and-social-development,Department Of Employment And Social Development,
canadian-nuclear-safety-commission,Canadian Nuclear Safety Commission,
independent-review-panel-defence-acquisition,Independent Review Panel Defence Acquisition,
royal-navy,Royal Navy,
national-seniors-council,National Seniors Council,
revenue-agency,Revenue Agency,
department-of-citizenship-and-immigration,Department Of Citizenship And Immigration,
canadian-accessibility-standards-development-organization,Canadian Accessibility Standards Development Organization,
military-police-complaints,Military Police Complaints,
office-of-the-correctional-investigator-of-canada,Office Of The Correctional Investigator Of Canada,
security-intelligence-review-committee,Security Intelligence Review Committee,
financial-consumer-agency,Financial Consumer Agency,
taxpayers-ombudsman,Taxpayers Ombudsman,
social-security-tribunal,Social Security Tribunal,
labour-program,Labour Program,
transportation-agency,Transportation Agency,
service-canada,Service Canada,
fednor,Fednor,
canada-infrastructure-bank,Canada Infrastructure Bank,
natural-resources-canada,Natural Resources Canada,
Service Canada,Service Canada,
department-national-defense,Department National Defense,
economic-development-quebec-regions,Economic Development Quebec Regions,
department-of-indian-affairs-and-northern-development,Department Of Indian Affairs And Northern Development,
veterans-affairs-canada,Veterans Affairs Canada,
conservation-institute,Conservation Institute,
national-defence-canadian-armed-forces-ombudsman,National Defence Canadian Armed Forces Ombudsman,
office-of-the-chief-military-judge,Office Of The Chief Military Judge,
social-sciences-humanities-research,Social Sciences Humanities Research,
patented-medicine-prices-review-board,Patented Medicine Prices Review Board,
