https://www.canada.ca/fr/services/emplois,Emplois et milieu de travail
https://www.canada.ca/fr/services/immigration-citoyennete,Immigration et citoyenneté
https://voyage.gc.ca,Voyage et tourisme
https://www.canada.ca/fr/services/entreprises,Entreprises et industrie
https://www.canada.ca/fr/services/prestations,Prestations
https://www.canada.ca/fr/services/sante,Santé
https://www.canada.ca/fr/services/impots,Impôts
https://www.canada.ca/fr/services/environnement,Environnement et ressources naturelles 
https://www.canada.ca/fr/services/defense,Sécurité nationale et défense
https://www.canada.ca/fr/services/culture,"Culture, histoire et sport"
https://www.canada.ca/fr/services/police,"Services de police, justice et urgences"
https://www.canada.ca/fr/services/transport,Transport et infrastructure
https://www.international.gc.ca,Affaires mondiales Canada
https://www.canada.ca/fr/services/finance,Argent et finances
https://www.canada.ca/fr/services/science,Science et innovation
https://www.canada.ca/fr/sante-publique,Santé
https://www.canada.ca/fr/sante-canada,Santé
https://www.canada.ca/fr/ministere-finances,Argent et finances
https://www.canada.ca/fr/immigration-refugies-citoyennete,Immigration et citoyenneté
https://www.canada.ca/fr/ministere-defense-nationale,Sécurité nationale et défense
https://www.canada.ca/fr/environnement-changement-climatique,Environnement et ressources naturelles 
https://www.canada.ca/fr/patrimoine-canadien/,"Culture, histoire et sport"
https://www.canada.ca/fr/affaires-mondiales,Affaires mondiales Canada
www.canadiensensante.gc.ca,Santé
https://www.canada.ca/fr/emploi-developpement-social,Emplois et milieu de travail
https://www.rcaanc-cirnac.gc.ca/fra,Autochtones
https://www.sac-isc.gc.ca/fra,Autochtones
https://www.canada.ca/fr/services-autochtones-canada,Autochtones
https://www.canada.ca/fr/services/veterans,Vétérans
https://www.veterans.gc.ca/fra,Vétérans
https://www.canada.ca/fr/gouvernement/fonctionpublique,Fonction publique et forces militaire
