https://www.canada.ca/en/services/jobs,Jobs and the workplace
https://www.canada.ca/en/services/immigration-citizenship,Immigration and citizenship
https://travel.gc.ca,Travel and tourism
https://www.canada.ca/en/services/business,Business and industry
https://www.canada.ca/en/services/benefits,Benefits
https://www.canada.ca/en/services/health,Health
https://www.canada.ca/en/services/taxes,Taxes
https://www.canada.ca/en/services/environment,Environment and natural resources
https://www.canada.ca/en/services/defence,National security and defence
https://www.canada.ca/en/services/culture,"Culture, history and sport"
https://www.canada.ca/en/services/policing,"Policing, justice and emergencies"
https://www.canada.ca/en/services/transport,Transport and infrastructure
https://www.international.gc.ca,Canada and the world
https://www.canada.ca/en/services/finance,Money and finances
https://www.canada.ca/en/services/science,Science and innovation
https://www.canada.ca/en/public-health,Health
https://www.canada.ca/en/health-canada,Health
https://www.canada.ca/en/department-finance,Money and finances
https://www.canada.ca/en/immigration-refugees-citizenship,Immigration and citizenship
https://www.canada.ca/en/department-national-defence,National security and defence
https://www.canada.ca/en/environment-climate-change,Environment and natural resources
https://www.canada.ca/en/canadian-heritage/,"Culture, history and sport"
https://www.canada.ca/en/global-affairs,Canada and the world
https://health-infobase.canada.ca/,Canadian Centre for Occupational Health and Safety
www.ccohs.ca,Canadian Centre for Occupational Health and Safety
https://travel.gc.ca/,Travel and tourism
www.healthycanadians.gc.ca,Health
https://www.canada.ca/en/employment-social-development,Jobs and the workplace
https://www.rcaanc-cirnac.gc.ca,Indigenous peoples
https://www.sac-isc.gc.ca,Indigenous peoples
https://www.canada.ca/en/indigenous-services-canada,Indigenous peoples
https://www.canada.ca/en/services/veterans,Veterans
https://www.veterans.gc.ca/eng/,Veterans
https://www.canada.ca/en/government/publicservice,Public service and military
